caso_id,fecha,hora,ubicacion,vehiculos,tipo,descripcio,alcohol,fuente,longitud,latitud,heridos,fallecidos
1,2025/05/01,19:50,Santo Domingo y Panamá,Peugeot (sin especificar modelo) / Honda Titan 150,Choque,Choque entre una motocicleta Honda Titan 150 y un auto Peugeot en Santo Domingo y Panamá,,,-68.138475000000000,-38.825899000000000,,
2,2025/05/05,≈01:00,Ballester y Darrieux,VW Gol Trend / Honda CB190,Choque,"Gol Trend giraba a la izquierda, moto impactó de frente. Motociclista (26 a) fractura en muñeca",,,-68.123582999999996,-38.827086000000001,,
3,2025/05/05,≈18:00,Alfonsina Storni y Los Mayas,Honda XR250 / Fiat Toro,Choque,Moto (49 a y adolescente de 13) impactó contra parte trasera de Fiat Toro; ambos trasladados,,,-68.140680000000003,-38.820338000000000,,
4,2025/05/05,19:15,Emilio Manquiao cerca de Cuba,Moto enduro,Choque,Moto perdió el control y cayó contra el asfalto; conductor sufrió lesión en pie izquierdo,,,-68.154855999999995,-38.823684999999998,,
5,2025/05/05,20:10,Ing. Ballester y Baigorria,Moto 150 cc / Renault Kangoo,Choque,Moto colisionó con lateral de Kangoo; conductor hospitalizado,,,-68.124326999999994,-38.827283999999999,,
6,2025/05/06,07:30,Ruta 7 y Segunda Rotonda,Fiat Spacio / Camión Volkswagen,Choque,Fiat Spacio chocó con un camión Volkswagen en la Segunda Rotonda de Ruta 7,,,-68.131213000000002,-38.828375999999999,,
7,2025/05/08,22:30,Irigoyen y Paraguay,Renault Duster Oroch / Motocicleta Mondial 110,Choque,Camioneta Duster Oroch chocó contra motocicleta Mondial 110,,,-68.127976000000004,-38.836837000000003,,
8,2025/05/09,,Lago Traful y Av. del Libertador,Camioneta / Motocicleta,Choque,Camioneta y motocicleta impactaron en Lago Traful y Av. del Libertador,,,-68.144503999999998,-38.827748999999997,,
9,2025/05/11,12:00,"Expedicionarios del Desierto y Winter, Parque Industrial, Centenario","Toyota Yaris (patrullero), Renault Fluence",Choque,"Un patrullero Toyota Yaris fue embestido por un Renault Fluence. No hubo heridos, solo daños materiales. El choque fue en el cruce de Expedicionarios del Desierto y Winter, cerca de la Ruta 7.",No,,-68.124960000000002,-38.840757000000004,,
10,2025/05/13,07:25,Ruta 7 y acceso al Cementerio,Fiat Siena / Nissan Frontier,Choque,Choque entre un Fiat Siena y una Nissan Frontier,,,-68.124627000000004,-38.840727000000001,,
11,2025/05/13,18:55,Chile y Primeros Pobladores,Renault 12 Rural / Ford Ka,Choque,Fuerte choque entre Renault y Ford Ka,,,-68.125353000000004,-38.830359000000001,,
12,2025/05/15,18:00,"Ruta 7 y acceso a calle Rural 8, Centenario",Renault Clio,Despiste y vuelco,"Un Renault Clio volcó al costado de la Ruta 7. Viajaban una mujer, un adolescente y dos niñas, todos asistidos con lesiones leves. El siniestro habría sido causado por encandilamiento.",No,,-68.137500000000003,-38.811275000000002,,
13,2025/05/17,10:00,"Calle Bolivia y Costa Rica, Barrio Sarmiento, Centenario","Bicicleta todoterreno, automóvil (no identificado)",Derrape / caída por evasión,Una ciclista de 50 años cayó tras intentar evitar un impacto contra un auto que venía a alta velocidad. Fue asistida y trasladada para estudios; recibió el alta médica el mismo día.,No,,-68.136897000000005,-38.827787999999998,,
14,2025/05/20,,"Ruta 7, zona expeaje",Motocicleta / Camión,Choque,Moto chocó contra un camión,,,-68.099566999999993,-38.880760000000002,,
15,2025/05/20,16:40,Ruta 7 y Segunda Rotonda,VW Amarok / Motocicleta,Choque,Amarok chocó a una motociclista,,,-68.131253000000001,-38.828009000000002,,
16,2025/05/20,19:00,Cuba y 25 de Mayo,Chevrolet Spin / Bicicleta,Atropello,Auto embistió a una ciclista,,,-68.136156999999997,-38.836908000000001,,
17,2025/05/23,,"Ruta 7, segunda rotonda",Auto (sin especificar),Despiste,Auto terminó arriba de la segunda rotonda,,,-68.130780000000001,-38.828861000000003,,
18,2025/05/23,07:55,"Canadá y Santo Domingo, Barrio Sarmiento, Centenario","Vehículo no identificado, bicicleta todoterreno",Atropello con fuga,Un niño de 11 años fue atropellado mientras iba en bicicleta a la escuela. El conductor se dio a la fuga. El menor tuvo lesiones leves y fue asistido en el hospital.,No,,-68.140811999999997,-38.827990999999997,,
19,2025/05/23,19:10,Ing. Ballester y Maipú,Motocicleta / Ford Ranger,Choque,Moto y Ranger chocaron en Ing. Ballester y Maipú,,,-68.128264000000001,-38.828260000000000,,
20,2025/05/23,19:50,"Ruta 7, zona expeaje",Audi,Vuelco,Audi volcó en la zona del expeaje,,,-68.099068000000003,-38.881213000000002,,
21,2025/05/24,08:30,"Estados Unidos y Juan Pablo II, Centenario","Citroën C3 Picasso, Motomel 150cc",Choque,Una Citroën C3 Picasso impactó contra una motocicleta Motomel 150cc. El conductor de la moto sufrió una fractura de pierna. Fue trasladado junto a su acompañante.,No,,-68.156754000000006,-38.818289999999998,,
22,2025/05/24,10:00,"Cuba y Puerto Argentino, Centenario","Volkswagen Voyage, Ford Focus",Choque frontal,Un VW Voyage impactó de frente contra un Ford Focus que circulaba en sentido contrario. Solo hubo daños materiales.,No,,-68.147451000000004,-38.829028999999998,,
23,2025/05/24,18:10,Mamá Margarita y Los Pueblos Lugones,Chevrolet Astra / Motocicleta Honda,Choque,Choque sin info de heridos,,,-68.150645999999995,-38.814999999999998,,
24,2025/05/24,18:20,"Avenida Lago Traful y Coihue, Centenario","Motocicleta Mondial 110cc, Ford Ranger",Derrape y atropello parcial,"Motociclista derrapó y fue impactado por una rueda de Ford Ranger. Usaba casco, fue hospitalizado con lesiones no graves.",No,,-68.146039999999999,-38.826144999999997,,
25,2025/05/25,11:00,"San Martín e Intendente Pons, Centenario","Volkswagen Gol Trend, motocicleta Royal Enfield",Choque por alcance,Una motocicleta Royal Enfield impactó contra un VW Gol Trend en San Martín e Intendente Pons. No hubo lesionados. Test de alcoholemia negativo para ambos.,No,,-68.120603000000003,-38.830607000000001,,
26,2025/05/26,07:00,Cuba y Formosa,Motocicleta / Fiat Siena,Choque,Motociclista falleció tras chocar un Fiat Siena,,,-68.140189000000007,-38.834029999999998,,
27,2025/05/26,09:00,"Ruta 67 y calle Benito Machado, Centenario",Toyota Hilux (2),Choque,Dos camionetas Toyota Hilux chocaron en Ruta 67 y acceso Benito Machado. Un conductor fue hospitalizado con golpes. Test de alcoholemia dio negativo.,No,,-68.188288000000000,-38.844996000000002,,
28,2025/05/26,17:00,"Ruta 7 cerca del Picadero, Centenario","Renault Sandero, Citroën C4",Desvío evasivo / despiste,Un Citroën C4 despistó al evitar colisionar con un Renault Sandero que realizó un cambio de carril repentino en la Ruta 7. Una persona fue trasladada al hospital.,No,,-68.117355000000003,-38.851934999999997,,
29,2025/05/27,Noche,"Ruta 7 entre ex peaje y rotonda Fasinpat, Centenario",Peugeot Partner,Desvío evasivo / conducción peligrosa,Una Peugeot Partner chocó conos de advertencia en zona de obras sobre Ruta 7. Por poco no embiste a inspectores. El conductor se negó al test de alcoholemia y fue considerado positivo.,Sí,,-68.091116000000000,-38.892333000000001,,
30,2025/05/28,07:30,"Acceso Jaime de Nevares y Belgrano, Centenario","Zanella Sapucai 150cc, Citroën Basalt",Choque,Una moto Zanella Sapucai 150cc impactó contra una camioneta Citroën Basalt en el acceso Jaime de Nevares. El motociclista resultó lesionado y fue trasladado al hospital.,No,,-68.139200000000002,-38.835799999999999,,
31,2025/05/29,,"Ruta 7, primera rotonda",Ford Fiesta Kinetic,Despiste,Ford Fiesta pasó de largo y chocó,,,-68.126858999999996,-38.836061999999998,,
32,2025/05/29,01:20,"Ruta 7, zona expeaje",Volkswagen Bora,Vuelco,"VW Bora volcó, joven rescatado",,,-68.099147000000002,-38.880859000000001,,
33,2025/05/29,09:50,"Guatemala y Salta, Centenario",Volkswagen Gol Trend (2),Choque,Una mujer giró en U en su VW Gol Trend y fue impactada por otro VW Gol Trend conducido por un joven. Uno de los vehículos terminó sobre la vereda y chocó contra un árbol.,No,,-68.135334000000000,-38.834693000000001,,
34,2025/05/29,14:00,"Guatemala y Ecuador, Centenario","Ford Ka, Toyota Etios",Choque,Un Ford Ka con sentido norte-sur fue impactado por un Toyota Etios que transitaba por Ecuador de este a oeste. Conducían una mujer de 59 años y un joven de 18 años.,No,,-68.137371000000002,-38.833103000000001,,
35,2025/06/01,16:15,Honduras y Natalio Burd,2 Motocicletas / Toyota Hilux,Choque,Dos motos impactaron contra una Hilux,,,-68.144722000000002,-38.820850000000000,,
36,2025/06/02,18:00,Ruta 7 y Calle 11 (Vista Alegre),Ford Ranger / Colectivo,Choque,Ford Ranger chocó contra un colectivo,,,-68.148439999999994,-38.784866000000001,,
37,2025/06/03,19:55,Cuba y Formosa,Chevrolet Onix / Bicicleta,Choque,Chevrolet Onix chocó a ciclista,,,-68.140277999999995,-38.834049999999998,,
38,2025/06/06,09:45,Buenos Aires y México,Ford Fiesta / Toyota Etios,Choque,Ford Fiesta impactó a Toyota Etios,,,-68.136792999999997,-38.829293999999997,,
39,2025/06/06,15:00,Río Negro y San Luis,Camioneta / Bicicleta,Atropello,Camioneta atropelló a ciclista,,,-68.128489999999999,-38.842177999999997,,
40,2025/06/06,16:30,"Ruta 7, zona expeaje",Ford Raptor / Toyota Hilux / Fiat Uno / VW Amarok,Choque múltiple,Cuatro rodados involucrados,,,-68.099881999999994,-38.879311000000001,,
41,2025/06/06,18:15,Honduras entre Av. del Libertador y Nicaragua,Chevrolet Vectra / Peatón,Atropello,Auto impactó a peatón,,,-68.139452000000006,-38.824480000000001,,
42,2025/06/07,,Ruta 7 y Ing. Ballester (Segunda Rotonda),Peugeot 404 / Toyota Etios / Móvil policial,Choque múltiple,Triple choque con un herido,,,-68.130413000000004,-38.828704000000002,,
43,2025/06/07,,Ruta 7 acceso a Vista Alegre Sur,Motocicleta,Despiste,Motociclista despistó y se accidentó,,,-68.148546999999994,-38.785119999999999,,
44,2025/06/07,01:20,Ruta 7 y Calle 11 (Vista Alegre Sur),Volkswagen Polo,Vuelco,VW Polo volcó sin heridos,,,-68.148261000000005,-38.784936000000002,,
45,2025/06/09,07:30,Fangio y Remigio Sosa,Fiat Palio,Despiste,Fiat Palio despistó y chocó un poste de energía,,,-68.135092999999998,-38.844934000000002,,
46,2025/06/10,,Cuba y Formosa,Auto / Bicicleta,Choque,Choque con ciclista trasladado al hospital,,,-68.140326999999999,-38.834018999999998,,
47,2025/06/10,18:30,Traful y Formosa,Renault Sandero / Bicicleta,Choque,Renault Sandero impactó bicicleta,,,-68.140202000000002,-38.833965999999997,,
48,2025/06/11,09:00,Ruta 7 y calle 11,Fiat Strada,Desvío evasivo,Fiat Strada maniobra para esquivar un desvío y protagoniza accidente,,,-68.148323000000005,-38.784677000000002,,
49,2025/06/12,,San Juan y Río Negro,Camioneta / Bicicleta,Choque,"Ciclista impactada por camioneta, sufrió lesiones",,,-68.130632000000006,-38.840795000000000,,
50,2025/06/15,,Canadá y Nicolás Guillén,Auto / Bicicleta,Choque,"Auto y bicicleta, sin información de heridos",,,-68.151419000000004,-38.820591999999998,,
51,2025/06/15,≈07:00,Ruta 7 curva La Consuelo,VW Gol Trend,Vuelco,"VW Gol Trend volcó, chocó poste y portón frente al Picadero",,,-68.112646999999996,-38.857630999999998,,
52,2025/06/16,,Los Onas y Falcone,Ford Ranger / Citroën C4,Choque,"Ford Ranger y Citroën C4, solo daños materiales",,,-68.161237999999997,-38.825569999999999,,
53,2025/07/09,04:00,"Tercera rotonda de Ruta 7, frente a estación YPF",Motocicleta Suzuki Euromot 250 cc,Despiste,"Un motociclista de 33 años despistó y chocó contra un muro de contención en la tercera rotonda de Ruta 7, frente a la estación YPF. Fue hospitalizado. El hecho ocurrió a las 4 AM del miércoles 9 de julio.",,,-68.134570999999994,-38.819156000000000,,
54,2025/07/10,07:12,Pasaje Haití entre Costa Rica y México,Fiat Palio / Ford Maverick (estacionada),Choque con fuga,"A las 7:12 del jueves 10 de julio, un Fiat Palio blanco impactó una Ford Maverick estacionada en Pasaje Haití. El conductor se dio a la fuga y más tarde se contactó con los propietarios. No hubo heridos.",,,-68.139632000000006,-38.826103000000003,,
55,2025/07/15,18:30,Cuba y Tucumán,Camión Mercedes Benz / Combi Fiat Iveco,Choque,Un camión Mercedes Benz colisionó con una combi Fiat Iveco en calle España entre Cuba y Tucumán. Un pasajero resultó lesionado y fue derivado al hospital. El conductor del camión fue multado por falta de licencia.,,,-68.138197000000005,-38.835458000000003,,
56,2025/07/17,09:00,Honduras entre Atahualpa Yupanqui y Natalio Burr,Fiat / Volkswagen Voyage,Choque,"Un Fiat colisionó contra un Volkswagen Voyage que estaba estacionado, en calle Honduras entre Atahualpa Yupanqui y Natalio Burr. Ocurrió a las 9 de la mañana del jueves 17 de julio.",,,-68.145318000000003,-38.820281999999999,,
57,2025/07/17,18:30,"Ruta 7, entre segunda y tercera rotonda (mano Centenario - Vista Alegre)",Motocicleta 110 / Toyota Hilux,Choque,"Una motocicleta 110 colisionó con una camioneta Toyota Hilux en Ruta 7 entre la segunda y la tercera rotonda, mano Centenario - Vista Alegre. Ocurrió el jueves 17 de julio a las 18:30.",,,-68.132696999999993,-38.823666000000003,,
58,2025/07/18,14:00,Altura estación de servicio Puma,Toyota Etios / Peatón,Atropello,"Un hombre fue atropellado por un Toyota Etios a la altura de la estación de servicio Puma, el viernes 18 de julio a las 14 horas. El peatón falleció como consecuencia del impacto.",,,-68.121250000000003,-38.846797000000002,,
59,2025/07/19,,Paraguay e Irigoyen,Móvil policial / Volkswagen Polo,Choque,Un móvil policial colisionó con un Volkswagen Polo en la esquina de Paraguay e Irigoyen. Una mujer policía fue derivada al hospital.,,,-68.128157999999999,-38.836759999999998,,
60,2025/07/20,06:00,Antártida Argentina y José Ianni,Fiat Palio,Derrape,Un Fiat Palio derrapó y quedó colgado en un canal en la esquina de Antártida Argentina y José Ianni. Ocurrió a las 6 de la mañana del domingo 20 de julio.,,,-68.124323000000004,-38.834432999999997,,
61,2025/07/21,19:00,Av. Hugo Chávez y Juan Domingo Perón,Chevrolet S10 / Motocicleta,Choque,Camioneta Chevrolet S10 y motocicleta colisionaron en Av. Hugo Chávez y J.D. Perón. Una persona resultó con golpes y fue hospitalizada.,,,-68.159073000000006,-38.831636000000003,,
62,2025/07/21,20:00,Honduras e Izuyay,Renault Duster / Moto Brava,Choque,"Camioneta Renault Duster y moto Brava chocaron en Honduras e Izuyay. El motociclista, un joven de 19 años, resultó con golpes.",,,-68.140809000000004,-38.823472000000002,,
63,2025/07/23,15:00,"Ruta 7, 50 metros antes de la primera rotonda (mano Neuquén-Centenario)",Ram Rampage / VW Gol Trend,Choque por aproximación,"Choque entre camioneta Ram Rampage y VW Gol Trend, a 50 metros de la primera rotonda en sentido Neuquén-Centenario. No hubo heridos.",,,-68.126412000000002,-38.836829999999999,,
64,2025/07/25,mediodía,Formosa y Puerto Madryn,Bicicleta,Derrape,"Un joven resultó lesionado al caer con su bicicleta en calle Formosa y Puerto Madryn, debido al mal estado de la calle. Fue trasladado al hospital.",,,-68.142043999999999,-38.835563999999998,,
65,2025/08/01,,Ruta 7 y acceso al Cementerio,,Choque,"Mujer fallecida, motociclista embestida por un VW, fuga del conductor.",,,-68.124577000000002,-38.840541000000002,,
66,2025/08/06,,Cuba y Formosa,,Choque,Choque entre Peugeot Expert y moto Hero 150cc. Mujer con fractura expuesta.,,,-68.140379999999993,-38.834086999999997,,
67,2025/08/07,,Ruta 7 y calle 3 (La Comarca),,Choque,Vuelco de Hilux. Mujer ilesa.,,,-68.109031000000002,-38.867669999999997,,
68,2025/08/07,,Cuba y Elordi,,Choque,Maniobra prohibida. Choque entre camioneta y moto. Sin lesionados.,,,-68.142916999999997,-38.832272000000003,,
69,2025/08/09,,2ª rotonda Ruta 7,,Choque,Moto Suzuki 250cc chocó muro. Conductor hospitalizado.,,,-68.130848999999998,-38.828057999999999,,
70,2025/08/10,,Pasaje Haití entre Costa Rica y México,,Choque,Fiat Palio choca Ford Maverick estacionada.,,,-68.139472999999995,-38.825961000000000,,
71,2025/08/13,,Perú y Panamá,,Choque,Taxi (Fiat Siena) y moto Mondial. Daños materiales. Moto sin documentación.,,,-68.134305999999995,-38.828788000000003,,
72,2025/08/13,,Santa Fe y Claudia Falcone,,Choque,VW Up se sube a vereda. Daños materiales.,,,-68.146230000000003,-38.836041999999999,,
73,2025/08/14,,Ruta 7 (zona ex peaje),,Choque,Fiat Palio choca a Renault Duster. Solo daños materiales.,,,-68.099232999999998,-38.881704999999997,,
74,2025/08/16,,"Ruta 7, 2ª rotonda",,Choque,Moto Honda 150cc choca a VW Bora. Lesionados leves.,,,-68.130796000000004,-38.829177000000001,,
75,2025/08/16,,Lago Traful y Salta,,Choque,Toyota Rav choca poste. Conductor con 2.32 g/l alcohol.,,,-68.138210999999998,-38.836998999999999,,
76,2025/08/23,,Guatemala y Juan Pablo II,,Choque,Moto Brava Nevada choca Renault Logan. Mujer con fractura en muñeca.,,,-68.157694000000006,-38.819133000000001,,
77,2025/08/25,,Ruta 7 subida a Fasinpat,,Choque,Choque en cadena. Niño hospitalizado.,,,-68.091446000000005,-38.893478000000002,,
78,2025/09/02,21:40,"Ruta 7, barrio La Comarca",Peugeot 308,Vuelco,"Joven trasladada al hospital por precaución, ilesa.",Desconocido,https://centenariodigital.com.ar/una-joven-fue-hospitalizada-tras-un-impactante-vuelco-en-la-ruta-7/,-68.109071000000000,-38.866537999999998,,
79,2025/09/05,16:30,Ruta 7 frente al CIATI,"Renault Clio, Peugeot Partner",Choque lateral,"Sin heridos, tránsito interrumpido brevemente.",Desconocido,https://centenariodigital.com.ar/un-choque-sobre-la-ruta-7-genero-un-caos-de-transito/,-68.120395000000002,-38.848550000000003,,
80,2025/09/06,01:50,"Rotonda del ex peaje, Ruta 7","Chevrolet Classic, Camión Volkswagen 17.280",Choque por alcance,"Dos heridos leves, alcoholemia negativa.",No,https://centenariodigital.com.ar/perdio-el-control-del-auto-en-la-rotonda-del-ex-peaje-y-choco-contra-un-camion-dos-personas-heridas/,-68.099322999999998,-38.880744000000000,,
81,2025/09/08,14:00,"Santa Fe y Los Constituyentes, segunda meseta","Fiat Palio Weekend, Renault Symbol",Choque lateral,"Daños materiales, alcoholemia negativa.",No,https://centenariodigital.com.ar/danos-materiales-en-dos-fuertes-choques-un-motociclista-tenia-177-de-alcohol-en-sangre/,-68.148221000000007,-38.837828000000002,,
82,2025/09/08,18:30,"Honduras y Guillén, Barrio Trahun Hue","Yamaha Crypton 110cc, Renault Sandero",Choque lateral,"Motociclista 1.77g/l, sin lesiones.",Sí (1.77),https://centenariodigital.com.ar/danos-materiales-en-dos-fuertes-choques-un-motociclista-tenia-177-de-alcohol-en-sangre/,-68.148475000000005,-38.818086999999998,,
83,2025/09/08,22:00,"Antártida Argentina, Loteo Cabezas",Chevrolet Joy,Choque contra poste,"Joven de 20 años alcoholizado (0.86g/l), lesiones leves.",Sí (0.86),https://centenariodigital.com.ar/el-conductor-del-auto-iba-alcoholizado-corria-picadas/,-68.124499999999998,-38.834535000000002,,
84,2025/09/10,23:15,"Ballester y Maipú, Casco Viejo","Gilera 150cc, Fiat Palio",Choque frontal,"Dos motociclistas heridos, fractura expuesta y lesiones dentales.",No,https://centenariodigital.com.ar/dos-jovenes-heridos-en-un-violento-choque-entre-un-auto-y-una-moto/,-68.128324000000006,-38.828325999999997,,
85,2025/09/12,16:00,"Ruta 7, mano Centenario–Neuquén","Honda Fit, Chevrolet Prisma",Choque múltiple,"Conductor del Fit con golpes leves, sin alcoholemia positiva.",No,https://centenariodigital.com.ar/un-auto-choco-contra-el-guardarrail-en-la-ruta-7-se-le-desprendio-una-rueda-y-termino-impactando-a-otro/,-68.111869999999996,-38.860326000000001,,
86,2025/09/12,17:00,"Ruta 7, acceso Barrio 11 de Octubre","Volkswagen Tiguan, Chevrolet Joy",Choque por alcance,Solo daños materiales.,Desconocido,https://centenariodigital.com.ar/un-auto-choco-contra-el-guardarrail-en-la-ruta-7-se-le-desprendio-una-rueda-y-termino-impactando-a-otro/,-68.099941999999999,-38.877754000000003,,
87,2025/09/12,21:50,Ruta 7 y calle Rural 8,"Motocicleta Siam 150cc, caballo",Choque con animal,Motociclista lesionado e internado.,Desconocido,https://centenariodigital.com.ar/un-motociclista-choco-contra-un-caballo-en-la-ruta-7-y-esta-hospitalizado/,-68.137500000000003,-38.810803999999997,,
88,2025/09/13,03:30,"Acceso Jaime de Nevares, Villa Obrera","Chevrolet Cruze, Ford Fiesta Max",Choque con fuga,"Conductor del Cruze dio 2.31g/l, sin heridos.",Sí (2.31),https://centenariodigital.com.ar/choco-y-se-dio-a-la-fuga-lo-frenaron-en-villa-obrera-y-el-test-de-alcoholemia-le-dio-positivo/,-68.102225000000004,-38.825978999999997,,
89,2025/09/13,17:55,"Av. Libertador 700, frente al Hospital Burd","Motocicleta TVS Raider 125cc, Fiat Argo",Choque contra auto estacionado,Joven trasladado con politraumatismo.,Desconocido,https://centenariodigital.com.ar/un-joven-en-grave-estado-al-chocar-una-moto-contra-un-auto-estacionado/,-68.137203000000000,-38.822062000000003,,
90,2025/09/14,04:30,Tercera rotonda hacia Av. Libertador,Chevrolet Corsa,Despiste,"Joven con 1.47g/l, sin lesiones, vehículo colgado en la isleta.",Sí (1.47),https://centenariodigital.com.ar/alcoholizada-al-volante-ingreso-a-gran-velocidad-a-la-avenida-libertador-y-quedo-con-el-auto-colgado/,-68.135120999999998,-38.820298999999999,,
91,2025/09/21,19:30,"Curva La Consuelo, Ruta 7",Renault Logan,Despiste,Mujer ilesa tras chocar contra dos álamos.,Desconocido,https://centenariodigital.com.ar/un-auto-paso-de-largo-en-la-curva-de-la-consuelo-y-unos-alamos-evitaron-que-volcara/,-68.111703000000006,-38.859330000000000,,
92,2025/09/22,02:30,Tercera rotonda de la Ruta 7,Bajaj Rouser 200cc,Despiste,"Dos heridos, conductor dio 1.27g/l, moto con pedido de secuestro.",Sí (1.27),https://centenariodigital.com.ar/dos-heridos-al-derrapar-en-la-tercera-rotonda-la-moto-habia-sido-robada-en-cipolletti/,-68.134321000000000,-38.819451000000001,,
93,2025/09/27,03:00,"Honduras y Perú, Barrio Sarmiento","Ford Fiesta Kinetic, Ford Ranger",Choque con fuga,"Camioneta impactó un auto y se fugó, sin heridos.",Desconocido,https://centenariodigital.com.ar/otro-choque-y-otra-fuga-en-la-calle-honduras-busca-al-conductor-de-una-ranger/,-68.133837999999997,-38.828389999999999,,
94,2025/09/27,19:40,"Av. Libertador y Canadá, Barrio Sayhueque","Motocicleta, Fiat Cronos (taxi)",Choque lateral,"Motociclista con golpes, taxista sin heridas.",No,https://centenariodigital.com.ar/una-moto-choco-a-un-taxi-en-la-avenida-libertador-se-la-llevaron-antes-de-que-llegue-la-policia/,-68.143148999999994,-38.826408999999998,,
95,2025/09/28,08:30,Honduras y Aníbal Troilo,"Chery Tiggo, Ford Fiesta",Choque con fuga,"Madre e hija heridas leves, auto se dio a la fuga.",Desconocido,https://centenariodigital.com.ar/la-chocaron-cuando-aguardaba-con-su-camioneta-en-el-semaforo-y-se-dieron-a-la-fuga/,-68.146636999999998,-38.819394000000003,,
96,2025/10/01,mediodía,Guatemala y Ecuador,"Ford Falcon, Ford Ranger (municipal)",choque,"Un joven de 23 años perdió el control de un Ford Falcon y chocó contra el frente de una camioneta Ford Ranger de la Dirección de Compras del municipio. No hubo lesionados. El conductor del auto carecía de licencia y seguro, dio negativo en el test d",no,,-68.137607000000003,-38.832974000000000,,
97,2025/10/02,22:30,"Ruta 7, Km 9.5, Barrio 11 de Octubre",Renault Logan,Choque contra guardarrail,"Joven con corte en cuero cabelludo, trasladado al hospital.",Desconocido,https://centenariodigital.com.ar/un-auto-choco-contra-el-guardarrail-en-la-ruta-7-trasladaron-al-hospital-a-un-joven/,-68.104016000000001,-38.874020999999999,,
98,2025/10/03,23:20,"Cuba y Lácar, Barrio Juan Manuel de Rosas","Motocicleta, Volkswagen Gol Trend",Choque con fuga,"Joven con fractura en un dedo, conductor se dio a la fuga.",Desconocido,https://centenariodigital.com.ar/otro-choque-en-cuba-y-lacar-un-automovilista-se-dio-a-la-fuga-y-vecinos-piden-respuestas-al-municipio/,-68.146268000000006,-38.829687999999997,,
99,2025/10/04,18:55,"Av. Lago Traful y Coihue, Barrio Sayhueque","Fiat Palio Adventure, Chevrolet S10",Choque lateral,Mujer con lesiones leves trasladada al hospital.,No,https://centenariodigital.com.ar/una-mujer-con-lesiones-leves-en-un-choque-entre-un-auto-y-una-camioneta/,-68.145780999999999,-38.825909000000003,,
100,2025/10/05,05:40,"Ruta 7, zona del Picadero",Ford Focus III,Vuelco,"Auto volcó con cuatro ocupantes, sin heridos.",No,https://centenariodigital.com.ar/choco-contra-un-colectivo-en-la-ruta-7-conducia-alcoholizado/,-68.115470999999999,-38.853912999999999,,
101,2025/10/05,05:55,"Ruta 7, zona del Picadero","Fiat Cronos, Colectivo Pehuenche",Choque por alcance,"Choque sin heridos, alcoholemia 0.12g/l en conductor.",Sí (0.12),https://centenariodigital.com.ar/choco-contra-un-colectivo-en-la-ruta-7-conducia-alcoholizado/,-68.117401999999998,-38.852876999999999,,
102,2025/10/05,21:20,"Acceso Jaime de Nevares, CPEM 1","Chevrolet Corsa, Honda 150cc",Choque lateral,"Dos jóvenes en moto lesionados, ambos trasladados al hospital.",No,https://centenariodigital.com.ar/choque-en-el-peligroso-cruce-del-cpem-1-dos-jovenes-heridos-fueron-trasladados-al-hospital/,-68.121230999999995,-38.821128000000002,,
103,2025/10/07,15:20,"Cuba y Juan Domingo Perón, Barrio Eluney","Fiat Duna, Toyota Hilux",Choque lateral,Una mujer fue trasladada al Hospital Burd con falta de aire.,No,https://centenariodigital.com.ar/tarde-de-choques-en-centenario/,-68.152231999999998,-38.825667000000003,,
104,2025/10/07,16:00,"El Salvador y Salta, Barrio Sarmiento","Peugeot 206, Renault Fluence",Choque frontal,Una joven sufrió golpes y fue trasladada al hospital.,No,https://centenariodigital.com.ar/tarde-de-choques-en-centenario/,-68.136268000000001,-38.835433000000002,,
105,2025/11/01,21:30,"Ruta 7, mano Centenario-Vista Alegre, a metros de la segunda rotonda, Centenario","Renault Kwid, otros dos vehículos (no id.)",Choque en cadena + principio de incendio,Choque en cadena por alcance. Renault Kwid comenzó a incendiarse bajo capot; automovilistas apagaron con extintores. Bomberos controlaron. Sin lesionados.,Desconocido,,-68.130335120939833,-38.829553426846353,No,falso
106,2025/11/02,00:30,"Ingeniero Ballester y Maipú, Casco Viejo, Centenario",Ford Ranger,Despiste + choque contra bicicletero,"Ford Ranger subió a la vereda e impactó contra bicicletero. Alcoholemia positiva 1,66 g/l. Sin lesionados; retención de licencia.",Sí,,-68.128403975021598,-38.828336035886736,No,falso
107,2025/11/06,08:05,"El Salvador y Salta, Centenario","Volkswagen Amarok, Motomel 150",Choque auto-moto,"Motomel 150 (joven 25 + niño 6) chocó contra lateral de Amarok. Niño con golpes, trasladado; alta 14:20. Moto secuestrada por faltas; alcoholemias negativas.",No,,-68.136345113995930,-38.835356873514883,Sí,falso
108,2025/11/07,08:15,"Cuba y Lácar, Barrio Juan Manuel de Rosas, Centenario","Chevrolet Aveo, bicicleta rodado 29",Choque auto-bicicleta,Auto colisionó con bicicleta al girar; ciclista con golpes trasladado y dado de alta. Intervino Tránsito Villa Obrera.,Desconocido,,-68.146519930610111,-38.829855232953548,Sí,falso
109,2025/11/08,01:45,"Cuba y Elías Sapag, Barrio Vista Hermosa, Centenario","Chevrolet Corsa, Chevrolet S10 (estacionada)",Choque contra estacionado + fuga,Corsa chocó de lleno una S10 estacionada y se dio a la fuga. Hecho registrado por cámaras; búsqueda de responsable.,Desconocido,,-68.149177545597126,-38.827858671693193,No,falso
110,2025/11/11,06:40,"Ruta 7, estación Puma / Anexo EPET 22, Centenario","Peugeot 306, Chery Tiggo II, Volkswagen T-Cross",Choque múltiple + vuelco,Choque múltiple con vuelco de Chery Tiggo II (por encima de guardarrail) e impacto con luminaria; principio de incendio controlado. Sin lesionados. Demoras hasta pasadas las 8.,Desconocido,,-68.121543449647973,-38.845943852099545,No,falso
111,2025/11/11,21:30,"Cuba y Bernardo O'Higgins, Barrio Vista Hermosa, Centenario","Chevrolet Corsa, peatón",Atropello en vereda,Corsa subió a la vereda e impactó a mujer (37) que esperaba colectivo. Derivada a Neuquén para estudios por golpe en la cabeza. Conductor 78 sin licencia y seguro vencido; alcoholemia negativa.,No,,-68.151168491274547,-38.826451060670600,Sí,falso
112,2025/11/12,07:55,"Avenida Libertador y Leopoldo Lugones, Centenario","Volkswagen Up, peatón",Atropello,Adulto mayor (77) fue atropellada por VW Up al girar desde Lugones a Libertador. Trasladada; alta cerca de 14 hs. Alcoholemia negativa.,No,,-68.138963774780748,-38.823347077720115,Sí,falso
113,2025/11/13,12:00,"Avenida Libertador y Costa Rica, Centenario","Toyota SW4, Honda Wave 110",Choque por giro,SW4 giró hacia Costa Rica y fue impactada por moto. Motociclista con escoriaciones; trasladado y en observación. Alcoholemia negativa a conductora.,No,,-68.141190227991842,-38.824719181209069,Sí,falso
114,2025/11/14,15:30,"Honduras y Bolivia, Barrio Sarmiento, Centenario",Gilera GLA Custom 110,Caída de moto (animal suelto),Motociclista chocó con un perro y cayó. Lesionado con golpes; trasladado y dado de alta. Secuestro preventivo de la moto.,Desconocido,,-68.135952898493287,-38.826900339020597,Sí,falso
115,2025/11/20,17:30,"Comodoro Rivadavia y Nordenstrom, Centenario","Toyota Yaris JP 1830 (patrullero), Volkswagen Gol",Choque lateral,Patrullero colisionó con VW Gol. Acompañante embarazada trasladada preventivamente. Alcoholemias negativas. Conductor del Gol sin licencia y sin seguro.,No,,-68.142763593377168,-38.833797089613427,Sí,falso
116,2025/11/22,06:40,"Av. Lago Traful (inicio) y Santa Teresa de Jesús, Centenario","Camión Scania (Cliba), Fiat Uno",Choque auto-camión,Fiat Uno chocó lateral trasero de camión recolector. Mujer y adolescente trasladados con golpes. Conductora se negó a alcoholemia; sin licencia ni seguro. Chofer alcoholemia negativa.,Se negó,,-68.153611444284962,-38.814687467293417,Sí,falso
117,2025/11/24,18:50,"Coronel Villegas y México, Barrio Sarmiento, Centenario","Honda 150, Volkswagen Suran",Choque auto-moto,Moto Honda 150 impactó lateral de VW Suran. Motociclista con golpes y corte en codo; trasladado y dado de alta. Alcoholemia negativa al conductor del auto.,No,,-68.134012682394712,-38.831120458963198,Sí,falso
118,2025/11/26,10:30,"Antú y Costa Rica, Barrio Sayhueque, Centenario","Fiat Uno, Toyota Hilux",Choque lateral,Toyota Hilux impactó el lateral de un Fiat Uno (familia con dos niñas). Daños materiales; alcoholemias negativas; sin lesionados.,No,,-68.142354365579834,-38.823924615388393,No,falso
119,2025/12/01,15:05,"Ruta 7, cruce EPET 22 / estación Puma, Centenario","Ford Ranger, Fiat Fiorino (Trapem)",Choque lateral + despiste,"Fiat Fiorino impactó lateral de Ford Ranger al salir desde estación Puma; utilitario derrapó y cruzó de mano. Un ocupante con golpes, trasladado y dado de alta. Alcoholemia negativa a conductora de Ranger.",No,,-68.121818092787436,-38.845720293417315,Sí,falso
120,2025/12/03,16:00,"Ruta 7, segunda rotonda, Centenario","Chevrolet Corsa, Fiat Duna",Choque por alcance,Fiat Duna impactó la parte trasera de un Chevrolet Corsa al detenerse para ceder el paso. Sin lesionados. Conductor del Duna sin seguro.,Desconocido,,-68.131121547384794,-38.828651439335545,No,falso
121,2025/12/04,12:00,"Bernardo O'Higgins y Manuel Sadosky, Barrio Bella Vista, Centenario","Fiat Strada, Zanella 110",Choque,Fiat Strada impactó a una Zanella 110 conducida por cabo de Tránsito (31). Motociclista con lesiones y trasladado. Alcoholemias negativas; secuestro preventivo de ambos rodados.,No,,-68.156154018630374,-38.830561219272560,Sí,falso
122,2025/12/06,16:30,"Avenida Libertador frente al Hospital Natalio Burd, Centenario","Ford Ka, Gilera 150",Choque por giro en U,Ford Ka realizó giro en U y fue impactado por moto Gilera. Motociclista con golpes; alta el mismo día. Alcoholemias negativas.,No,,-68.136590582870184,-38.821496348141267,Sí,falso
123,2025/12/07,11:50,"Cuba y Tucumán, Centenario","Renault Kangoo, Fiat Uno (estacionado), camioneta (no id.)",Choque contra estacionados + fuga,Renault Kangoo chocó a un Fiat Uno estacionado y otra camioneta y se dio a la fuga. Fiat con daños importantes; intervención de Tránsito.,Desconocido,,-68.138284241672835,-38.835499183683766,No,falso
124,2025/12/10,18:00,"Ruta 7, 200 m de la tercera rotonda (mano Vista Alegre-Centenario), Centenario","Ford Ranger (móvil bomberos 31), Volkswagen Nivus, otro vehículo (leve)",Choque + fuga,VW Nivus chocó al móvil de bomberos detenido; luego fuga. El móvil impactó levemente a otro rodado. Sin lesionados.,Desconocido,,-68.135321365981198,-38.818079312059993,No,falso
125,2025/12/12,12:30,"Avenida Libertador y Canadá, Centenario","Citroën Picasso, Honda Wave 110",Choque,Choque auto-moto sin lesionados. Auto sin seguro; moto sin patente colocada. Alcoholemias no informadas como positivas.,No,,-68.142819765064232,-38.826503604285520,No,falso
126,2025/12/12,16:00,"Leopoldo Lugones y Mamá Margarita, Centenario","Renault Alaskan, Ford Ranger",Choque entre camionetas,Choque entre dos camionetas; acompañante de la Ford Ranger trasladado con golpes. Alcoholemias negativas.,No,,-68.150761795198846,-38.815005402463854,Sí,falso
127,2025/12/12,21:20,"Formosa y Comodoro Rivadavia, Centenario",Zanella 110,Caída de moto,Joven cayó de moto al esquivar un perro; trasladada al hospital. Sin otros vehículos involucrados.,Desconocido,,-68.141242038063481,-38.834818108645166,Sí,falso
128,2025/12/13,04:00,"Cuba y 25 de Mayo, Centenario","Volkswagen Gol Trend, Ford Escort (estacionado)",Choque contra estacionado,"VW Gol Trend perdió control y chocó contra Ford Escort estacionado. Alcoholemia positiva 2,05 g/l. Sin lesiones.",Sí,,-68.135952172878831,-38.836953624107693,No,falso
129,2025/12/16,09:20,"Brasil y Colombia, Centenario","Honda Wave 110, Ford Ka (estacionado)",Choque contra estacionado,Moto Honda Wave impactó contra Ford Ka estacionado. Motociclista 24 trasladado al hospital; sin licencia según Tránsito.,Desconocido,,-68.132235507533665,-38.831910497622566,Sí,falso
130,2025/12/16,10:00,"Segunda rotonda, Centenario",Dos vehículos (no especificados),Choque,Choque en segunda rotonda con daños materiales; sin lesionados.,Desconocido,,-68.130674083070886,-38.828380605671839,No,falso
131,2025/12/16,10:30,"Darrieux e Islas Malvinas, Centenario","Ford Ecosport, Renault Logan",Choque,"Choque entre Ecosport y Logan; dos niños (8 y 10) con golpes, trasladados. Alcoholemias negativas.",No,,-68.123064484537494,-38.828388390169188,Sí,falso
132,2025/12/16,13:45,"Ruta 7, entre calles 8 y 9 (mano Centenario-Vista Alegre), Centenario",Citroën C4,Despiste y vuelco,Citroën C4 despistó y terminó contra álamos/guardarrail (posible falla en dirección). Conductores sin lesiones; alcoholemia negativa.,No,,-68.140158687550937,-38.805350674076770,No,falso
133,2025/12/18,17:15,"Cuba y 25 de Mayo, Centenario","Fiat Spazio, Nissan Frontier (Simetra)",Choque,"Nissan Frontier impactó lateral de Fiat Spazio (mujer 30 + dos niños 11 y 8). Menores con golpes, trasladados; lesiones leves. Conductora infraccionada por no tener licencia.",Desconocido,,-68.136270108049274,-38.836906522600962,Sí,falso
134,2025/12/20,06:00,"Belgrano a metros de Ingeniero Ballester, Casco Viejo, Centenario",Chevrolet Corsa,Choque contra poste,"Chevrolet Corsa chocó contra poste de cemento. Conductor 24 sin licencia ni seguro; alcoholemia positiva 2,15 g/l. Sin lesiones.",Sí,,-68.119195630455692,-38.826287120343935,No,falso
135,2025/12/20,13:00,"Guatemala 400, Centenario","Volkswagen Gol, Chevrolet S10",Choque lateral,Volkswagen Gol impactó lateral de una Chevrolet S10 al maniobrar para ingresar a un domicilio. Acompañante (69) trasladada con golpes. Alcoholemias negativas; conductor de S10 sin licencia.,No,,-68.136271740681735,-38.833942698504842,Sí,falso
136,2025/12/22,09:40,"Ruta 7, frente al Anexo EPET 22, Centenario","Fiat Cronos, Volkswagen Up, Chevrolet Agile, Renault Kangoo (fuga)",Choque en cadena,Triple choque en cadena provocado por una Renault Kangoo que hizo maniobras indebidas y se dio a la fuga. Un conductor asistido en el lugar. Alcoholemias negativas.,No,,-68.120601419513349,-38.847521752575020,Sí,falso
137,2025/12/23,23:30,"Ruta 7, a la altura del Barrio La Comarca, Centenario","Honda City, Chevrolet Cruze (gris), Chevrolet Cruze (blanco), Peugeot 208",Choque múltiple + vuelco,Choque múltiple en Ruta 7 con vuelco de Honda City. Dos lesionados trasladados al Castro Rendón. Tránsito cortado y desviado por colectora; intervención de bomberos y SIEN.,Desconocido,,-68.109571338230154,-38.865983705390889,Sí,falso
138,2025/12/26,07:05,"Ruta 7 zona ex peaje / Loteo Fulciniti, Centenario","Volkswagen Gol, Mercedes Benz Sprinter (minibús)",Choque / maniobra,VW Gol impactó un minibús Sprinter (10 pasajeros) en zona ex peaje. Conductora del auto con corte en labio. Alcoholemias negativas; tránsito afectado por intervención de SIEN y Tránsito.,No,,-68.098088958166613,-38.883474627281700,Sí,falso
139,2025/12/26,11:50,"San Martín, a metros de Marcial Bravo, Casco Viejo, Centenario","Peugeot 208, peatón",Atropello,Peatón (aprox. 80 años) fue atropellado por Peugeot 208 al intentar cruzar. Presentó golpes y corte detrás de la oreja; trasladado en ambulancia. Alcoholemia negativa a conductora.,No,,-68.120153963128288,-38.831792743855736,Sí,falso
140,2025/12/26,18:05,"Ruta 7, mano Centenario-Neuquén, acceso Cementerio, Centenario","Toyota Hilux JP 1803 (móvil policial), Ford Ka",Choque por alcance,Móvil policial impactó la parte trasera de un Ford Ka al frenarse por semáforo. Sin lesionados; alcoholemias negativas.,No,,-68.124726875004626,-38.840478708862840,No,falso
141,2025/12/28,06:05,"Ingeniero Ballester y segunda rotonda (impacto contra rotonda), Centenario",Renault Clio,Choque contra rotonda,"Un Renault Clio impactó contra la segunda rotonda tras pasar de largo. Solo daños materiales. Alcoholemia positiva 1,99 g/l; sin licencia ni seguro.",Sí,,-68.130679970759260,-38.828757417725683,No,falso
142,2025/12/30,16:30,"Honduras y Atahualpa Yupanqui, Centenario","Hyundai Santa Fe, Renault Kangoo",Choque frontal,Choque entre Hyundai Santa Fe (74 y 77 años) y Renault Kangoo (mujer 40). Tres personas trasladadas con golpes; alta médica. Investigación de maniobras en el cruce.,Desconocido,,-68.145755446072627,-38.819913013486463,Sí,falso
143,2026/01/05,11:50,"Juan Pablo II y Pablo Neruda, Barrio Islas Malvinas, Centenario","Chevrolet Prisma, Motocicleta Honda GLH",Choque + fuga,Moto Honda GLH impactó el lateral de un Chevrolet Prisma; el auto terminó contra un poste. El motociclista se dio a la fuga y luego fue al hospital por sus medios. Alcoholemias negativas; la moto fue secuestrada y el motociclista infraccionado por falt,No,,-68.148796206382016,-38.811467363208571,Sí,falso
144,2026/01/10,00:20,"Ruta 7, frente a estación Puma (mano Neuquén-Centenario), Centenario",Volkswagen Bora,Choque contra luminaria / despiste,"Conductor alcoholizado (2,00 g/l) perdió el control de un VW Bora y chocó contra base de luminaria; luego retrocedió y terminó contra otro poste. Trasladado con golpes.",Sí,,-68.121307942114314,-38.846273562646680,Sí,falso
145,2026/01/16,12:30,"Honduras y Ricardo Güiraldes, Centenario","Motocicleta Yamaha FZ, Volkswagen Amarok",Choque lateral,"Motocicleta Yamaha FZ impactó contra el lateral de una Volkswagen Amarok. Motociclista con golpes, trasladado al Hospital Natalio Burd. Alcoholemia negativa para el conductor de la Amarok.",No,,-68.149101920595598,-38.817704676849424,Sí,falso
146,2026/01/19,08:30,"Ruta 7, frente a La Comarca (sector motel/desagüe), mano Neuquén-Centenario, Centenario",Nissan Frontier,Despiste / caída a desagüe,Una Nissan Frontier despistó y cayó a un desagüe. Conductora sin licencia y con seguro vencido; test de alcoholemia no pudo realizarse y se consideró positivo. Sin lesionados.,Sí,,-68.108135105082098,-38.868780810862063,No,falso
147,2026/01/19,15:30,"Ruta 7, a la altura del Barrio 11 de Octubre, mano Neuquén-Centenario, Centenario","Ford Ranger (particular), Ford Ranger JP 1615 (móvil policial)",Choque por alcance,Una Ford Ranger particular impactó contra la parte trasera de un móvil policial (Ford Ranger JP 1615). Daños materiales; sin lesionados. El conductor declaró distracción al buscar el celular.,Desconocido,,-68.100459184188551,-38.877974651068300,No,falso
148,2026/01/23,21:20,"Ruta 7 a la altura del Picadero (Km 12 aprox.), mano Neuquén-Centenario, Centenario",Motocicleta Mondial 110,Despiste / caída,Motocicleta Mondial 110 despistó en Ruta 7 (Picadero). Una mujer de 41 y su hija de 15 resultaron con golpes y fueron trasladadas preventivamente al Hospital Natalio Burd. Intervino Tránsito Villa Obrera y se secuestró la moto hasta contar con parte m,Desconocido,,-68.116687499008904,-38.852971559278132,Sí,falso
149,2026/02/09,21:15,"Honduras y Perú, Centenario","Motocicleta Bajaj Rouser 200 cc robada, Fiat Argo",Choque frontal durante fuga,Dos jóvenes armados escapaban de la policía en una moto robada y chocaron de frente contra un Fiat Argo. Un adolescente de 17 años resultó herido y fue derivado por una fractura de cadera.,Desconocido,https://centenariodigital.com.ar/armados-y-en-una-moto-robada-escapaban-de-la-policia-y-chocaron-de-frente-en-la-calle-honduras/,-68.133792999999997,-38.828364999999998,Sí,falso
150,2026/02/10,≈03:00,"Darrieux, frente a Plaza San Martín, Centenario","Motocicleta 150 cc, Volkswagen Gol Trend estacionado",Choque contra vehículo estacionado / fuga,Dos personas que circulaban en una motocicleta chocaron un Volkswagen Gol Trend estacionado y escaparon. No se informaron personas heridas.,Desconocido,https://centenariodigital.com.ar/sigue-el-descontrol-en-el-casco-viejo-le-chocaron-el-auto-y-escaparon/,-68.122248460768660,-38.830319922871645,No,falso
151,2026/02/13,11:00,"Ruta 7, semáforo cercano a la segunda rotonda, Centenario","Renault Sandero, Toyota Hilux",Choque por alcance,Una Toyota Hilux impactó por alcance a un Renault Sandero que aguardaba el semáforo. Una mujer de 38 años fue trasladada. La alcoholemia del conductor de la Hilux fue negativa.,No,https://centenariodigital.com.ar/esperaba-el-semaforo-y-el-auto-fue-chocado-violentamente-trasladaron-a-una-mujer-al-hospital/,-68.130438060491414,-38.829409905482137,Sí,falso
152,2026/02/16,≈21:00,"Expedicionarios del Desierto y Avenida 11 de Septiembre, Plaza del Bicentenario, Centenario","Motocicleta Honda Wave 110 cc, Suzuki Fun",Choque auto-moto,Un joven de 22 años chocó con su motocicleta contra un Suzuki Fun. Sufrió golpes y fue trasladado al hospital.,Desconocido,https://centenariodigital.com.ar/un-joven-en-moto-choco-violentamente-contra-un-auto-en-la-plaza-del-bicentenario/,-68.128480595463586,-38.833925018903024,Sí,falso
153,2026/02/17,21:10,"Honduras y Santo Domingo, Centenario","Motocicleta Zanella 150 cc, Renault Kwid",Choque auto-moto,La motocicleta impactó contra el lateral izquierdo de un Renault Kwid y quedó incrustada. El motociclista resultó lesionado y fue trasladado. La alcoholemia de la conductora fue negativa.,No,https://centenariodigital.com.ar/una-moto-quedo-incrustada-en-un-auto-y-un-hombre-resulto-con-lesiones/,-68.137992655954520,-38.825484792060557,Sí,falso
154,2026/02/23,12:45,"Honduras y República Argentina, Centenario","Motocicleta Motomel Skua 150 cc, Fiat Cronos",Choque por alcance,"Una joven motociclista chocó contra la parte trasera derecha de un Fiat Cronos que aguardaba el semáforo. Sufrió golpes, fue trasladada y luego recibió el alta.",Desconocido,https://centenariodigital.com.ar/una-joven-en-moto-choco-contra-un-auto-y-sufrio-golpes/,-68.137955000000005,-38.825474999999997,Sí,falso
155,2026/02/25,09:30,"Antártida Argentina, a metros de Darrieux, Centenario","Bicicleta, Nissan Frontier estacionada",Choque contra puerta de vehículo,Una ciclista de 35 años impactó contra la puerta de una camioneta que fue abierta mientras estaba estacionada. La mujer resultó con golpes y fue trasladada. La alcoholemia del conductor fue negativa.,No,https://centenariodigital.com.ar/una-ciclista-con-golpes-al-impactar-contra-la-puerta-de-una-camioneta/,-68.121024300566589,-38.833502826086772,Sí,falso
156,2026/02/27,19:20,"Ingeniero Ballester, cerca de Lanín, Centenario","Motocicleta Zanella 110 cc, Chevrolet Astra",Choque por alcance,Una motocicleta chocó contra la parte trasera de un Chevrolet Astra. El motociclista sufrió cortes en una mano y fue trasladado al hospital.,Desconocido,https://centenariodigital.com.ar/un-motociclista-herido-en-un-choque-en-ballester-y-lanin/,-68.125083431001855,-38.827489177693735,Sí,falso
157,2026/02/28,06:00,"Avenida Lago Traful y Quinquela Martín, Centenario",Toyota Hilux,Despiste / fuga,"Una camioneta con dos hombres escapó de la policía, derrapó y terminó contra la vereda. Ambos fueron demorados y trasladados al hospital. Se encontraron botellas de alcohol, pero no se informó una alcoholemia.",Desconocido,https://centenariodigital.com.ar/se-dieron-a-la-fuga-chocaron-en-la-avenida-traful-y-terminaron-demorados/,-68.151406153121101,-38.817747173910902,Sí,falso
158,2026/03/01,23:30,"Antártida Argentina, entre la primera rotonda y José Ianni, Centenario",Dos motocicletas no especificadas,Choque entre motos,Dos motocicletas chocaron y dos jóvenes sufrieron golpes. Los rodados fueron retirados antes de la llegada de los equipos de emergencia.,Desconocido,https://centenariodigital.com.ar/chocaron-dos-motos-en-la-calle-antartida-argentina-y-se-las-llevaron-antes-de-la-llegada-de-los-equipos-de-emergencia/,-68.125210593572746,-38.834971480151204,Sí,falso
159,2026/03/11,16:30,"Los Onas y María Eugenia Figueroa, segunda meseta, Centenario","Renault Kangoo, motocicleta Honda XR 150",Choque auto-moto,Una motocicleta y una Renault Kangoo chocaron en la segunda meseta. El motociclista sufrió heridas en una pierna y fue trasladado.,Desconocido,https://centenariodigital.com.ar/un-motociclista-con-heridas-en-un-choque-en-la-segunda-meseta/,-68.161841805292880,-38.826127892249474,Sí,falso
160,2026/03/13,12:40,"Antártida Argentina, cerca de la primera rotonda, Centenario","Ford EcoSport, dos Fiat Cronos",Choque múltiple,Tres vehículos protagonizaron un choque en cadena. Una conductora fue trasladada al hospital en estado de shock. Las alcoholemias de los conductores presentes fueron negativas.,No,https://centenariodigital.com.ar/triple-choque-en-la-calle-antartida-argentina-y-una-mujer-trasladada-al-hospital/,-68.125928344045334,-38.835301931947050,Sí,falso
161,2026/03/13,16:30,"El Salvador y Ernesto Goebel, Centenario","Motocicleta Honda XR 300, Ford Ranger",Choque auto-moto,Un joven motociclista sufrió heridas de consideración tras chocar contra una Ford Ranger y fue derivado al Hospital Castro Rendón. La alcoholemia de la conductora fue negativa.,No,https://centenariodigital.com.ar/un-joven-con-heridas-de-consideracion-al-chocar-con-su-moto/,-68.156681298676332,-38.821314122873652,Sí,falso
162,2026/03/14,18:40,"Avenida Libertador, frente al Hospital Natalio Burd, Centenario","Mitsubishi Outlander, Toyota Hilux de Bomberos",Choque por giro en U,Una Mitsubishi Outlander realizó un giro en U y fue impactada por una camioneta de Bomberos. No hubo heridos y ambas alcoholemias fueron negativas.,No,https://centenariodigital.com.ar/dos-choques-en-menos-de-diez-minutos-sobre-la-avenida-libertador/,-68.136804294896024,-38.821544432892260,No,falso
163,2026/03/14,18:48,"Avenida Libertador y Haití, Centenario","Motocicleta Motomel 150 cc, motocicleta Honda GLH 150 cc",Choque entre motos,Dos motocicletas chocaron pocos minutos después del siniestro anterior. Dos ocupantes de la Honda fueron trasladados al hospital.,Desconocido,https://centenariodigital.com.ar/dos-choques-en-menos-de-diez-minutos-sobre-la-avenida-libertador/,-68.143204701323128,-38.827052701323218,Sí,falso
164,2026/03/15,20:20,"José Ianni, cerca de la curva del cementerio, Centenario",Ford Fiesta Kinetic,Despiste / caída a desagüe,"La conductora realizó una maniobra de esquive, perdió el control y el automóvil cayó al desagüe. La mujer, de 43 años, fue trasladada al hospital.",Desconocido,https://centenariodigital.com.ar/un-auto-cayo-al-desague-tras-una-maniobra-de-esquive/,-68.122352330812902,-38.838201294895946,Sí,falso
165,2026/03/16,14:35,"Ruta 7, primera rotonda, Centenario","Motocicleta Mondial 110 cc, Renault Clio",Choque auto-moto,Una motocicleta y un Renault Clio chocaron en la primera rotonda. El motociclista sufrió heridas leves y fue trasladado. La alcoholemia del automovilista fue negativa.,No,https://centenariodigital.com.ar/un-hombre-con-heridas-en-un-choque-en-la-primera-rotonda/,-68.127230684310007,-38.835897357277894,Sí,falso
166,2026/03/20,≈06:00,"Ruta 7, altura del Barrio La Comarca, Centenario",Volkswagen Polo,Despiste / choque contra guardarraíl,El automóvil despistó y chocó contra el guardarraíl. No se registraron personas lesionadas.,Desconocido,https://centenariodigital.com.ar/choques-en-la-ruta-7-y-en-el-barrio-sarmiento/,-68.108705754253293,-38.868296608695637,No,falso
167,2026/03/20,11:45,"Calle Paraguay, cerca de la primera rotonda, Barrio Sarmiento, Centenario","Chevrolet Corsa, camión",Choque auto-camión,Un automóvil y un camión chocaron en el Barrio Sarmiento. Solo se registraron daños materiales y la alcoholemia informada fue negativa.,No,https://centenariodigital.com.ar/choques-en-la-ruta-7-y-en-el-barrio-sarmiento/,-68.127322289224992,-38.836193260869464,No,falso
168,2026/03/20,17:50,"Antártida Argentina y San Martín, Centenario","Renault Master, bicicleta Top Mega",Choque vehículo-bicicleta,Una ciclista fue embestida por una Renault Master. Sufrió golpes y fue trasladada preventivamente al hospital.,Desconocido,https://centenariodigital.com.ar/una-ciclista-resulto-con-golpes-tras-ser-embestida-por-una-camioneta-en-el-casco-viejo/,-68.119516633270365,-38.833154455576548,Sí,falso
169,2026/03/20,18:00,"Ruta 7, cruce de la estación Puma, Centenario","Renault Duster, Ford EcoSport, Chevrolet Agile, Volkswagen Amarok fugada",Choque múltiple / fuga,Tres vehículos chocaron luego de una maniobra atribuida a una Volkswagen Amarok que se dio a la fuga. Seis personas fueron hospitalizadas.,Desconocido,https://centenariodigital.com.ar/triple-choque-en-el-peligroso-cruce-de-la-ruta-7-seis-personas-hospitalizadas-y-un-conductor-que-se-dio-a-la-fuga/,-68.121519224952735,-38.846395147448007,Sí,falso
170,2026/03/21,07:00,"Ruta 7, altura del arco de bienvenida a Centenario",Renault Duster,Vuelco,La camioneta volcó sobre la ruta. Dos personas resultaron heridas y fueron trasladadas. No fue posible realizar la alcoholemia al conductor antes de su traslado.,Desconocido,https://centenariodigital.com.ar/volco-una-camioneta-en-la-ruta-7-y-dos-personas-resultaron-heridas/,-68.092014654064258,-38.891845088846971,Sí,falso
171,2026/03/21,16:45,"Intendente Pons y San Martín, Centenario","Fiat Siena, Citroën C3",Choque,Dos automóviles chocaron en una esquina donde los semáforos no funcionaban. Una mujer sufrió golpes y fue trasladada preventivamente.,Desconocido,https://centenariodigital.com.ar/dos-autos-chocaron-y-una-mujer-sufrio-golpes-en-la-esquina-donde-los-semaforos-no-funcionan-hace-mas-de-un-mes/,-68.120536563327036,-38.830589145557653,Sí,falso
172,2026/03/21,20:15,"Ruta 7, zona del Picadero, Centenario","Renault Sandero, motocicleta Corven Triax 250 cc, motocicleta Gilera 110 cc",Choque múltiple auto-motos,Dos motocicletas y un automóvil participaron del choque. Los dos motociclistas fueron trasladados y luego dados de alta. La alcoholemia de la conductora del automóvil fue negativa.,No,https://centenariodigital.com.ar/otra-vez-la-ruta-7-ahora-chocaron-dos-motos-y-un-auto-en-el-picadero/,-68.117801614366755,-38.852241553875245,Sí,falso
173,2026/03/23,07:00,"Ruta 7, altura del Barrio La Comarca, Centenario",Volkswagen Bora,Despiste y vuelco,El automóvil perdió el control y volcó. Dos jóvenes sufrieron heridas y uno de ellos fue trasladado al hospital.,Desconocido,https://centenariodigital.com.ar/ruta-7-volco-un-auto-en-la-comarca-y-dos-jovenes-tuvieron-heridas/,-68.108825659735373,-38.868063990548222,Sí,falso
174,2026/03/25,19:45,"Ruta 7, segunda rotonda, Centenario","Fiat Mobi, bicicleta Profile",Choque auto-bicicleta,Un Fiat Mobi impactó a una ciclista de 49 años. La mujer sufrió lesiones y fue trasladada al hospital. La alcoholemia del conductor fue negativa.,No,https://centenariodigital.com.ar/una-ciclista-con-lesiones-tras-ser-impactada-por-un-auto-en-la-segunda-rotonda/,-68.131186298676752,-38.828122603024568,Sí,falso
175,2026/03/26,19:20,"Cuba y Santiago del Estero, Centenario","Motocicleta Honda Navi, Toyota Hilux",Choque auto-moto,Un motociclista chocó contra una Toyota Hilux y fue trasladado al hospital con heridas. La alcoholemia del conductor de la camioneta fue negativa.,No,https://centenariodigital.com.ar/un-hombre-con-heridas-al-chocar-una-moto-y-una-camioneta/,-68.139195090737232,-38.834766916824236,Sí,falso
176,2026/03/27,18:50,"Ruta 7, primera rotonda, Centenario","Renault Kangoo, motocicleta Corven Triax 150 cc",Choque auto-moto,Una motocicleta con un hombre y un adolescente chocó contra una Renault Kangoo. Ambos resultaron heridos y el menor sufrió una fractura de fémur. La alcoholemia fue negativa.,No,https://centenariodigital.com.ar/fuerte-choque-en-la-primera-rotonda-un-hombre-y-un-adolescente-heridos/,-68.127186718336489,-38.836088708884688,Sí,falso
177,2026/03/29,≈05:30,"Ruta 7, zona del ex peaje, Centenario",Camioneta no especificada,Choque contra poste,Una camioneta chocó contra un poste en la zona del ex peaje. El conductor no sufrió heridas y el test de alcoholemia fue positivo.,Sí,https://centenariodigital.com.ar/jornada-accidentada-en-la-ruta-7-un-motociclista-paso-de-largo-en-la-primera-rotonda-y-dos-autos-impactaron-en-la-curva-de-mono-azul/,-68.099656468809115,-38.879696654064205,No,falso
178,2026/03/29,06:30,"Ruta 7, altura de calle 3, Centenario",Suzuki Fun,Despiste / choque contra guardarraíl,"Un oficial principal de Seguridad Vial perdió el control y chocó contra el guardarraíl. Fue hospitalizado y se retiró sin el alta médica. La alcoholemia arrojó 1,51 g/l.",Sí,https://centenariodigital.com.ar/un-oficial-principal-de-seguridad-vial-alcoholizado-choco-en-la-ruta-7-y-se-fue-del-hospital-sin-el-alta-medica/,-68.110383491493138,-38.863503867675654,Sí,falso
179,2026/03/29,≈15:00,"Ruta 7, primera rotonda, Centenario",Motocicleta 150 cc,Despiste / choque contra rotonda,"Un motociclista de 48 años pasó de largo en la primera rotonda. Fue asistido en el lugar y presentaba fuerte aliento etílico, aunque no se informó un resultado de alcoholemia.",Desconocido,https://centenariodigital.com.ar/jornada-accidentada-en-la-ruta-7-un-motociclista-paso-de-largo-en-la-primera-rotonda-y-dos-autos-impactaron-en-la-curva-de-mono-azul/,-68.126879559546339,-38.835860223062411,No,falso
180,2026/04/01,09:30,"Ruta 7, cruce de la estación Puma, Centenario","Chevrolet Celta, motocicleta Suzuki 650 cc",Choque auto-moto,"Un automóvil y una motocicleta chocaron en el cruce. El motociclista sufrió lesiones, fue trasladado al hospital y posteriormente recibió el alta.",Desconocido,https://centenariodigital.com.ar/un-motociclista-lesionado-en-un-choque-sobre-la-ruta-7/,-68.120621922495403,-38.847126419659666,Sí,falso
181,2026/04/04,01:50,"Ruta 7, segunda rotonda frente a estación Shell, Centenario","Citroën C4, Ford Focus III, Ford EcoSport, Peugeot 208, peatón",Choque múltiple,"Un Citroën C4 conducido por un hombre alcoholizado impactó tres vehículos en la segunda rotonda. Tres personas fueron hospitalizadas y un cuidacoches también resultó alcanzado. El test arrojó 0,99 g/l.",Sí,https://centenariodigital.com.ar/alcoholizado-provoco-un-impactante-choque-en-la-ruta-7-y-lo-agredieron-a-trompadas/ | https://centenariodigital.com.ar/un-trapito-resulto-herido-en-el-choque-de-la-segunda-rotonda/,-68.131236417769387,-38.827928415879093,Sí,falso
182,2026/04/04,02:55,"Ruta 7, zona del ex peaje, Centenario",Ford Fiesta,Despiste y vuelco,"El conductor se distrajo al intentar encender la luz interior, perdió el control y volcó. No hubo heridos y la alcoholemia fue negativa.",No,https://centenariodigital.com.ar/quiso-prender-la-luz-de-interior-del-auto-y-termino-volcando-en-el-ex-peaje/,-68.099576538752302,-38.880005514178016,No,falso
183,2026/04/08,≈12:00,"Ruta 7, entre el ex peaje y Fasinpat, zona Loteo Fulciniti, Centenario","Camión Ford Cargo, Volkswagen Amarok policial, Volkswagen Amarok, Citroën Aircross, Fiat Fiorino",Choque en cadena,"Un camión perdió parte de su carga sobre la ruta y provocó un choque en cadena. Una joven fue asistida, sin necesidad de hospitalización. Las alcoholemias realizadas fueron negativas.",No,https://centenariodigital.com.ar/un-camion-perdio-la-carga-en-la-ruta-7-y-provoco-un-choque-en-cadena/,-68.098067930055350,-38.883659017014907,Sí,falso
184,2026/04/08,≈12:15,"Ruta 7, frente al cartel de bienvenida a Centenario",Dos automóviles no especificados,Choque,A pocos metros del choque en cadena se produjo una segunda colisión entre dos automóviles. Solo se informaron daños materiales.,Desconocido,https://centenariodigital.com.ar/un-camion-perdio-la-carga-en-la-ruta-7-y-provoco-un-choque-en-cadena/,-68.094398591682037,-38.888551982986847,No,falso
185,2026/04/08,17:30,"Pablo Neruda y Domingo Rosatti, Centenario",Motocicleta Guerrero,Caída de moto,Una mujer cayó de la motocicleta luego de que se cortara el cable del freno. Resultó lesionada y fue trasladada al hospital.,Desconocido,https://centenariodigital.com.ar/en-pocas-horas-se-registraron-cuatro-choques-que-dejaron-heridos-en-centenario/,-68.151425049147093,-38.809739937622950,Sí,falso
186,2026/04/08,17:45,"México y Suyai, Centenario","Chevrolet Corsa, camión Volkswagen",Choque auto-camión,Un Chevrolet Corsa chocó contra un camión que transportaba madera. Una mujer y dos menores de 5 y 14 años fueron trasladados. La alcoholemia del camionero fue negativa.,No,https://centenariodigital.com.ar/en-pocas-horas-se-registraron-cuatro-choques-que-dejaron-heridos-en-centenario/,-68.142706803400984,-38.825178092630409,Sí,falso
187,2026/04/08,18:40,"Juan Domingo Perón y Reinaldo Moya, Centenario","Chevrolet Luv, Chevrolet Meriva, Ford Ranger estacionada",Choque múltiple,La Chevrolet Luv impactó una Meriva y esta terminó contra una Ford Ranger estacionada. El conductor de la Meriva resultó lesionado. El conductor de la Luv se negó al test de alcoholemia.,Se negó,https://centenariodigital.com.ar/en-pocas-horas-se-registraron-cuatro-choques-que-dejaron-heridos-en-centenario/,-68.157758327030422,-38.830537502835725,Sí,falso
188,2026/04/08,≈19:00,"Ruta 7, cerca del Barrio La Comarca, Centenario",Motocicleta,Despiste / caída,Un motociclista despistó y sufrió golpes. Se retiró del lugar antes de la llegada del personal policial.,Desconocido,https://centenariodigital.com.ar/en-pocas-horas-se-registraron-cuatro-choques-que-dejaron-heridos-en-centenario/,-68.109140344045343,-38.867159102079498,Sí,falso
189,2026/04/09,≈19:00,"Lago Lácar y Reinaldo Moya, Centenario","Volkswagen Bora, motocicleta Motomel Skua 150 cc",Choque auto-moto,Una motocicleta con dos jóvenes chocó contra un Volkswagen Bora. Ambos motociclistas fueron hospitalizados. La conductora del automóvil no tenía licencia.,Desconocido,https://centenariodigital.com.ar/dos-jovenes-hospitalizados-tras-un-choque-la-conductora-del-auto-no-tenia-licencia/,-68.151894009450842,-38.834598470699113,Sí,falso
190,2026/04/11,≈04:00,"Antártida Argentina, zona del Casco Viejo, Centenario","Chevrolet S10, Mitsubishi Outlander estacionada",Choque contra vehículo estacionado / fuga,"Una Chevrolet S10 que realizaba maniobras bruscas perdió el control, chocó una Mitsubishi Outlander estacionada y se dio a la fuga. No se informaron personas heridas.",Desconocido,https://centenariodigital.com.ar/descontrol-en-el-casco-viejo-chocaron-una-camioneta-y-se-dieron-a-la-fuga/,-68.117355383744268,-38.832681633270660,No,falso
191,2026/04/11,04:20,"Costa Rica, cerca de Coronel Villegas, Centenario",Ford Ka,Despiste / choque,"El automóvil chocó contra un árbol, un cesto y la vereda durante la madrugada. Sus ocupantes lo abandonaron y regresaron más tarde para intentar retirarlo. No se informaron heridos.",Desconocido,https://centenariodigital.com.ar/chocaron-durante-la-madrugada-abandonaron-el-auto-y-cuando-volvieron-no-lo-pudieron-sacar/,-68.132869631379791,-38.830531431003728,No,falso
192,2026/04/11,≈17:00,"Alfonsina Storni y Perú, zona Fonavi-Los Pioneros, Centenario","Volkswagen Vento, peatón policía",Atropello / fuga,El conductor escapó de un control policial y atropelló a un sargento. Luego abandonó el vehículo y fue ayudado por familiares a ocultarse. El policía resultó herido.,Desconocido,https://centenariodigital.com.ar/escapo-y-con-el-auto-atropello-a-un-policia-familiares-lo-ayudaron-a-que-se-oculte-en-una-vivienda-para-que-no-lo-atrapen/,-68.133038289226207,-38.827525858221883,Sí,falso
193,2026/04/12,12:02,"Avenida Lago Traful, esquina del cuartel de Bomberos e inicio de Atahualpa Yupanqui, Centenario","Volkswagen Gol, Nissan Frontier",Choque,Los vehículos chocaron y uno realizó un trompo en la esquina del cuartel de Bomberos. Solo se registraron daños materiales.,Desconocido,https://centenariodigital.com.ar/choque-y-trompo-en-la-esquina-del-cuartel-de-bomberos-dejo-danos/,-68.148248005667341,-38.822179400759744,No,falso
194,2026/04/13,07:00,"Ruta 7, acceso semaforizado al Barrio 11 de Octubre, Centenario","Motocicleta, Volkswagen Saveiro",Choque auto-moto,Una motocicleta y una Volkswagen Saveiro chocaron en el acceso al barrio. El motociclista sufrió golpes y fue trasladado. La alcoholemia del conductor de la camioneta fue negativa.,No,https://centenariodigital.com.ar/choque-y-demoras-en-la-ruta-7-una-persona-resulto-con-golpes/,-68.100657287334442,-38.877700417769390,Sí,falso
195,2026/04/15,≈22:00,"Ruta 7, zona del ex peaje, Centenario","Chevrolet Tracker, Toyota Hilux, Fiat Fastback",Choque múltiple,Tres camionetas protagonizaron un violento choque en la zona del ex peaje. Al menos dos personas sufrieron lesiones leves y fueron asistidas.,Desconocido,https://centenariodigital.com.ar/ruta-7-violento-choque-en-el-ex-peaje-involucro-a-tres-camionetas/,-68.099628166351508,-38.879862170132675,Sí,falso
196,2026/04/16,12:20,"Avenida Libertador y Canadá, Centenario","Fiat Palio, Fiat Uno",Choque,Los automóviles chocaron en la intersección. Una mujer y su hijo de 5 años fueron trasladados al hospital. La alcoholemia de la conductora del Palio fue negativa.,No,https://centenariodigital.com.ar/un-choque-con-heridos-en-libertador-y-canada-reavivo-el-reclamo-por-semaforos/,-68.142726714555835,-38.826635523629442,Sí,falso
197,2026/04/17,17:27,"Leopoldo Lugones y Mamá Margarita, Centenario","Fiat Cronos taxi, Chevrolet Joy, Renault Logan estacionado",Choque múltiple,El taxi y el Chevrolet Joy protagonizaron un fuerte choque y uno de los vehículos también impactó contra un Renault Logan estacionado. Dos personas resultaron lesionadas y fueron trasladadas al hospital.,Desconocido,https://centenariodigital.com.ar/fuerte-choque-entre-dos-autos-dejo-a-dos-personas-lesionadas-el-pedido-de-vecinos-de-reductores-de-velocidad/,-68.150632440453649,-38.815052172022668,Sí,falso
198,2026/04/18,03:50,"Ruta 7, segunda rotonda, Centenario",Volkswagen Bora,Despiste / choque contra rotonda,"El conductor pasó de largo y el vehículo terminó sobre la segunda rotonda. No hubo heridos. El test de alcoholemia arrojó 2,25 g/l.",Sí,https://centenariodigital.com.ar/alcoholizado-al-volante-en-un-bora-paso-de-largo-y-termino-arriba-de-la-segunda-rotonda/,-68.130687818525615,-38.828762584120902,No,falso
199,2026/04/19,21:30,"Ruta 7, primera rotonda, Centenario","Volkswagen Voyage, motocicleta Benelli 150 cc",Choque auto-moto,Un automóvil y una motocicleta chocaron en la primera rotonda. Los dos jóvenes que circulaban en la moto fueron trasladados al hospital. La alcoholemia de la conductora del auto fue negativa.,No,https://centenariodigital.com.ar/choque-entre-un-auto-y-una-moto-en-la-primera-rotonda-dejo-a-un-joven-herido/,-68.127175247637069,-38.835953635160671,Sí,falso
200,2026/04/20,04:00,"Acceso Jaime de Nevares, curva del CPEM N.º 1, Centenario",Fiat 128,Despiste / choque contra guardarraíl,"El automóvil pasó de largo durante la madrugada, atravesó el guardarraíl y quedó a punto de caer al canal. El conductor fue trasladado al hospital.",Desconocido,https://centenariodigital.com.ar/un-auto-a-punto-de-caer-al-canal-y-un-joven-a-los-gritos-en-plena-madrugada/,-68.120955754253288,-38.820817177693741,Sí,falso
201,2026/04/20,≈10:00,"Agapito Fernández, zona de Parcelas, Centenario",Renault Clio Mio,Choque contra columna,Una conductora perdió el control del automóvil e impactó violentamente contra una columna de cemento. Sufrió golpes y fue asistida por personal de emergencias.,Desconocido,https://centenariodigital.com.ar/violento-choque-de-un-auto-contra-una-columna-de-cemento/,-68.160116058601588,-38.805294659734230,Sí,falso
202,2026/04/24,10:45,"Ingeniero Ballester y Aníbal Verón, Centenario","Suzuki Fun, Ford Fiesta",Choque,Dos automóviles chocaron y terminaron sobre la vereda y una plazoleta. Una persona fue trasladada al hospital con golpes y cortes.,Desconocido,https://centenariodigital.com.ar/dos-autos-terminaron-arriba-de-la-vereda-tras-un-fuerte-choque/,-68.127529480151352,-38.828103733459393,Sí,falso
203,2026/04/24,13:38,"Cavalli y Guatemala, Centenario","Renault 19, motocicleta",Choque auto-moto,Una motociclista resultó herida tras el choque con un Renault 19. Fue trasladada al Hospital Natalio Burd y luego derivada al Castro Rendón por lesiones en un brazo y una pierna.,Desconocido,https://centenariodigital.com.ar/una-motociclista-herida-en-un-choque-sobre-la-calle-cavalli/,-68.159072580341800,-38.818201654063266,Sí,falso
204,2026/04/27,06:20,"Ruta 7, frente a Ferromundo y a la altura de calle rural 9, Centenario",Renault Duster Oroch,Vuelco,"La camioneta cargada con verduras sufrió la rotura de un neumático, perdió el control y volcó. El conductor, de 47 años, no resultó herido.",Desconocido,https://centenariodigital.com.ar/volco-una-camioneta-cargada-de-verduras-en-la-ruta-7/,-68.140462750474398,-38.804703922491932,No,falso
205,2026/04/28,14:00,"Agrimensor Hugo Arraga y Simón Bolívar, Centenario","Motocicleta Guerrero 110 cc, Toyota Hilux",Choque auto-moto,Dos adolescentes de 13 y 15 años que circulaban en una moto chocaron contra una Toyota Hilux. Ambos fueron hospitalizados y no llevaban casco. La alcoholemia de la conductora de la camioneta fue negativa.,No,https://centenariodigital.com.ar/dos-adolescentes-en-moto-protagonizaron-un-violento-choque-y-fueron-hospitalizados/,-68.156717948962338,-38.828270085065348,Sí,falso
206,2026/04/29,09:20,"Guatemala y Ecuador, Centenario","Chevrolet Agile, Volkswagen Golf",Choque,"Dos automóviles chocaron en la intersección. Una mujer de 41 años sufrió golpes, fue trasladada al hospital y posteriormente recibió el alta.",Desconocido,https://centenariodigital.com.ar/una-mujer-resulto-con-golpes-en-un-choque-entre-dos-autos/,-68.137326000000002,-38.833078000000000,Sí,falso
207,2026/04/29,17:50,"Calle Honduras, a pocos metros de Luis Sandrini, Centenario",Motocicleta Corven 110 cc,Caída / maniobra evasiva,Una mujer de 49 años perdió el control de la moto al realizar una maniobra evasiva y cayó sobre la calzada. Sufrió golpes en la cadera y una pierna y fue trasladada al hospital.,Desconocido,https://centenariodigital.com.ar/una-mujer-sufrio-una-fuerte-caida-cuando-circulaba-en-moto-por-la-calle-honduras/,-68.144001502835636,-38.821244187145425,Sí,falso